Workbook

Sheet WBS
B1: Task Description | C1: Deliverable | D1: Estimated Time | E1: Resources
A2: 1 | B2: Program Registration & Attendance Data Hub | C2: Yes | D2: =D4+D10+D17+D22+D29+D34+D39+D44+D49+D51+D56+D64+D69+D73+D80+D84+D88+D92+D96+D101+D104+D107+D113+D120+D126+D131+D133+D136+D143+D149+D153+D160+D165+D170+D175+D178+D182+D186+D190+D192+D196+D201+D206+D209+D212+D220+D224+D230+D241 -> 410
A3: Sprint 0: Initiation and Planning | Sep 24 – Oct 19 (Weeks 1–4) | Complete
A4: 1.1 | B4: SWE 277P Assignment 1: Team Statement (due Oct 6) | C4: Yes | D4: =SUM(D5:D9) -> 15
A5: 1.1.1 | B5: Write the project description | C5: No | D5: 2 | E5: Jennifer Sun
A6: 1.1.2 | B6: Initial team plan: strengths, sponsor questions, learning list | C6: No | D6: 2 | E6: Molly Tran
A7: 1.1.3 | B7: Team ground rules | C7: No | D7: 2 | E7: Brandon Lau
A8: 1.1.4 | B8: Create the shared Google Drive folder and share it with the instructor and TA | C8: No | D8: 1 | E8: Zhenyu Song
A9: 1.1.5 | B9: Team bonding dinner (Oct 6) | C9: No | D9: 8 | E9: All team
A10: 1.2 | B10: Sponsor kickoff and requirements | C10: No | D10: =SUM(D11:D16) -> 18
A11: 1.2.1 | B11: Read the sponsor proposal and the sample exports | C11: No | D11: 3 | E11: Jennifer Sun
A12: 1.2.2 | B12: Prepare questions for the first sponsor meeting | C12: No | D12: 2 | E12: Molly Tran
A13: 1.2.3 | B13: Sponsor meeting Oct 7: current process and sample data | C13: No | D13: 4 | E13: All team
A14: 1.2.4 | B14: Sponsor meeting Oct 14: scope narrowed to import, one dataset and queries | C14: No | D14: 4 | E14: All team
A15: 1.2.5 | B15: Write up meeting notes and action items | C15: No | D15: 2 | E15: Molly Tran
A16: 1.2.6 | B16: Map the GPSRC data process and the Data Project template columns | C16: No | D16: 3 | E16: Molly Tran
A17: 1.3 | B17: SWE 277P Assignment 2: MOV (due Oct 13) | C17: Yes | D17: =SUM(D18:D21) -> 6
A18: 1.3.1 | B18: Six-step MOV draft: impact, value, metric, time frame | C18: No | D18: 2 | E18: Molly Tran
A19: 1.3.2 | B19: Explain how the MOV supports GPSRC's vision and mission | C19: No | D19: 2 | E19: Jennifer Sun
A20: 1.3.3 | B20: Discuss the MOV with the sponsor and record the outcome | C20: No | D20: 1 | E20: Molly Tran
A21: 1.3.4 | B21: Review and submit | C21: No | D21: 1 | E21: Brandon Lau
A22: 1.4 | B22: SWE 276P: Project Scope and High-Level Design report (due Oct 16) | C22: Yes | D22: =SUM(D23:D28) -> 18
A23: 1.4.1 | B23: Project overview, target users and stakeholders | C23: No | D23: 2 | E23: Jennifer Sun
A24: 1.4.2 | B24: Scope definition: boundaries, P0/P1/P2 features, assumptions | C24: No | D24: 4 | E24: Zhenyu Song
A25: 1.4.3 | B25: C4 context, container and component diagrams | C25: No | D25: 4 | E25: Zhenyu Song
A26: 1.4.4 | B26: Data model and import sequence diagrams | C26: No | D26: 3 | E26: Brandon Lau
A27: 1.4.5 | B27: Technology stack and design rationale | C27: No | D27: 3 | E27: Zhenyu Song
A28: 1.4.6 | B28: Edit, format as PDF and submit | C28: No | D28: 2 | E28: Molly Tran
A29: 1.5 | B29: Technology ramp-up | C29: No | D29: =SUM(D30:D33) -> 12
A30: 1.5.1 | B30: PostgreSQL, Alembic, Docker Compose and nginx | C30: No | D30: 3 | E30: Brandon Lau
A31: 1.5.2 | B31: React, MUI and TanStack Query | C31: No | D31: 3 | E31: Jennifer Sun
A32: 1.5.3 | B32: LangGraph, text-to-SQL and the LLM provider APIs | C32: No | D32: 3 | E32: Zhenyu Song
A33: 1.5.4 | B33: FastAPI and reading CSV and Excel exports | C33: No | D33: 3 | E33: Molly Tran
A34: 1.6 | B34: SWE 277P Assignment 3: Business Case (due Oct 20) | C34: Yes | D34: =SUM(D35:D38) -> 8
A35: 1.6.1 | B35: Executive summary and introduction | C35: No | D35: 2 | E35: Brandon Lau
A36: 1.6.2 | B36: Alternatives and their analysis (TCO, TBO, feasibility, risk) | C36: No | D36: 3 | E36: Jennifer Sun
A37: 1.6.3 | B37: Scoring model and recommendation | C37: No | D37: 2 | E37: Molly Tran
A38: 1.6.4 | B38: Final consistency check and submit | C38: No | D38: 1 | E38: Zhenyu Song
A39: 1.7 | B39: SWE 277P Assignment 4: Project Charter (due Oct 20) | C39: Yes | D39: =SUM(D40:D43) -> 7
A40: 1.7.1 | B40: Stakeholder table, project description and MOV | C40: No | D40: 2 | E40: Brandon Lau
A41: 1.7.2 | B41: Scope and schedule summary | C41: No | D41: 2 | E41: Molly Tran
A42: 1.7.3 | B42: Resources and cost estimate | C42: No | D42: 2 | E42: Jennifer Sun
A43: 1.7.4 | B43: Title page, table of contents and formatting | C43: No | D43: 1 | E43: Brandon Lau
A44: 1.8 | B44: Team meetings and coordination | C44: No | D44: =SUM(D45:D48) -> 25
A45: 1.8.1 | B45: Weekly check-ins with the instructor and TA (Oct 6, Oct 13) | C45: No | D45: 8 | E45: All team
A46: 1.8.2 | B46: Team scope discussions (Oct 15, Oct 17) | C46: No | D46: 8 | E46: All team
A47: 1.8.3 | B47: Team meeting Oct 19: split document edits, assign roles, plan the midterm | C47: No | D47: 8 | E47: All team
A48: 1.8.4 | B48: Set up the team chat, meeting cadence and shared documents | C48: No | D48: 1 | E48: Molly Tran
A49: 1.9 | B49: Milestone: scope, MOV, business case and charter submitted (Oct 20) | C49: No | D49: 0
A50: Sprint 1: MVP Build | Oct 20 – Nov 2 (Weeks 4–6) | Current sprint
A51: 1.10 | B51: Sprint 1 planning and MVP design spec | C51: Yes | D51: =SUM(D52:D55) -> 7
A52: 1.10.1 | B52: Write the MVP design spec (decisions D1–D10, data model, chatbot, acceptance tests A1–A10) | C52: No | D52: 3 | E52: Zhenyu Song
A53: 1.10.2 | B53: Break the spec into session plans S2–S6; write CLAUDE.md and PROGRESS.md | C53: No | D53: 2 | E53: Zhenyu Song
A54: 1.10.3 | B54: Set up the team's private GitHub repo and invite every member | C54: No | D54: 1 | E54: Brandon Lau
A55: 1.10.4 | B55: Sprint planning: assign an owner to each user story | C55: No | D55: 1 | E55: Brandon Lau
A56: 1.11 | B56: US-01 Upload an event export as-is (UP-01 – UP-10, UP-19) | C56: Yes | D56: =SUM(D57:D63) -> 14
A57: 1.11.1 | B57: Map CampusGroups and 12twenty columns to the GPSRC layout | C57: No | D57: 2 | E57: Molly Tran
A58: 1.11.2 | B58: Database schema and migrations (import_file, event, person, attendance, flags) | C58: No | D58: 2 | E58: Brandon Lau
A59: 1.11.3 | B59: CampusGroups and 12twenty adapters | C59: No | D59: 3 | E59: Molly Tran
A60: 1.11.4 | B60: Detect the source from the headers; reject unknown formats and list missing columns | C60: No | D60: 1 | E60: Molly Tran
A61: 1.11.5 | B61: Duplicate-file protection (file hash and content hash) | C61: No | D61: 1 | E61: Molly Tran
A62: 1.11.6 | B62: Upload page: drop zone, preview, Duplicate and Rejected cards | C62: No | D62: 3 | E62: Jennifer Sun
A63: 1.11.7 | B63: Tests: A1 (293 rows, 79 NetIDs) and A2 (a re-upload adds nothing) | C63: No | D63: 2 | E63: Molly Tran
A64: 1.12 | B64: US-02 Enter event details before commit (UP-11 – UP-14) | C64: Yes | D64: =SUM(D65:D68) -> 5
A65: 1.12.1 | B65: Prefill the event name from the file name and the date from the Registration UID | C65: No | D65: 1 | E65: Molly Tran
A66: 1.12.2 | B66: Event form with term check and required fields | C66: No | D66: 2 | E66: Jennifer Sun
A67: 1.12.3 | B67: Commit in one transaction; discard a pending import | C67: No | D67: 1 | E67: Molly Tran
A68: 1.12.4 | B68: Keep pending imports across pages and reloads | C68: No | D68: 1 | E68: Jennifer Sun
A69: 1.13 | B69: US-03 Link the same person across events (UP-15, UP-16) | C69: Yes | D69: =SUM(D70:D72) -> 4
A70: 1.13.1 | B70: Identity linker: NetID first, then email; flag conflicts | C70: No | D70: 2 | E70: Molly Tran
A71: 1.13.2 | B71: Data-quality flags and their counts in the preview | C71: No | D71: 1 | E71: Molly Tran
A72: 1.13.3 | B72: Tests: linker cases; the November Bagel Breakfast row links by email | C72: No | D72: 1 | E72: Molly Tran
A73: 1.14 | B73: US-04 Ask a question and see the SQL and the table (CH-01, CH-04, CH-11, CH-19) | C73: Yes | D73: =SUM(D74:D79) -> 11
A74: 1.14.1 | B74: Read-only attendance_view and chatbot_ro role with a 5 s timeout | C74: No | D74: 1 | E74: Brandon Lau
A75: 1.14.2 | B75: LangGraph chat graph and SQL-generation prompt | C75: No | D75: 3 | E75: Zhenyu Song
A76: 1.14.3 | B76: Streaming API (SSE) and saved conversations | C76: No | D76: 2 | E76: Zhenyu Song
A77: 1.14.4 | B77: Chat page: question box, progress steps, answer card, SQL and table | C77: No | D77: 3 | E77: Jennifer Sun
A78: 1.14.5 | B78: Recent questions in the side nav; reopen and re-run old answers | C78: No | D78: 1 | E78: Jennifer Sun
A79: 1.14.6 | B79: Tests: graph integration tests with a scripted model | C79: No | D79: 1 | E79: Zhenyu Song
A80: 1.15 | B80: US-05 Follow-ups, clarifying questions and repairs (CH-02, CH-03, CH-12, CH-13, CH-22) | C80: Yes | D80: =SUM(D81:D83) -> 4
A81: 1.15.1 | B81: Conversation history (questions and SQL only) for follow-ups | C81: No | D81: 1 | E81: Zhenyu Song
A82: 1.15.2 | B82: Clarifying questions and the repair loop (up to 3 tries) | C82: No | D82: 2 | E82: Zhenyu Song
A83: 1.15.3 | B83: Clarification bubble and Retry in the chat page | C83: No | D83: 1 | E83: Jennifer Sun
A84: 1.16 | B84: US-06 Keep the data safe from generated SQL (A6, A8) | C84: Yes | D84: =SUM(D85:D87) -> 4
A85: 1.16.1 | B85: SQL guard: one SELECT on attendance_view, function allow-list, row limit | C85: No | D85: 2 | E85: Zhenyu Song
A86: 1.16.2 | B86: Read-only executor that always rolls back, and the error sanitizer | C86: No | D86: 1 | E86: Zhenyu Song
A87: 1.16.3 | B87: Tests: A8 harmful SQL and A6 privacy with a recording model | C87: No | D87: 1 | E87: Zhenyu Song
A88: 1.17 | B88: US-07 Choose whether the AI sees the results (CH-08, CH-09) | C88: Yes | D88: =SUM(D89:D91) -> 3
A89: 1.17.1 | B89: Per-model ceiling plus per-question switch, decided on the server | C89: No | D89: 1 | E89: Zhenyu Song
A90: 1.17.2 | B90: AI summary from capped rows, or a local summary | C90: No | D90: 1 | E90: Zhenyu Song
A91: 1.17.3 | B91: Switch in the question box, its help text and the caution line | C91: No | D91: 1 | E91: Jennifer Sun
A92: 1.18 | B92: US-08 Manage AI models in Settings (ST-01 – ST-10, CH-10, CH-17, CH-21) | C92: Yes | D92: =SUM(D93:D95) -> 5
A93: 1.18.1 | B93: Encrypted API keys, provider presets and Test connection | C93: No | D93: 2 | E93: Zhenyu Song
A94: 1.18.2 | B94: Settings page: add, test, edit, set default, delete | C94: No | D94: 2 | E94: Jennifer Sun
A95: 1.18.3 | B95: Walk the Settings stories ST-01 – ST-10 | C95: No | D95: 1 | E95: Molly Tran
A96: 1.19 | B96: US-09 Download results as Excel or CSV (CH-05, CH-06, DS-02) | C96: Yes | D96: =SUM(D97:D100) -> 5
A97: 1.19.1 | B97: Excel and CSV writers with a formula guard; full dataset in the 19-column layout | C97: No | D97: 2 | E97: Molly Tran
A98: 1.19.2 | B98: Export of a chat result with a row cap | C98: No | D98: 1 | E98: Zhenyu Song
A99: 1.19.3 | B99: Download buttons and the "This file stops at N rows" notice | C99: No | D99: 1 | E99: Jennifer Sun
A100: 1.19.4 | B100: Time question to downloaded Excel (A10, under 60 s) | C100: No | D100: 1 | E100: Brandon Lau
...

Sheet Effort Summary
A1: Effort by person and sprint (person-hours)
A2: Computed from the WBS sheet. Rows owned by "All team" are split evenly across the four members.
A4: Assumptions (blue = input)
A5: Team members | B5: 4
A6: Hours per person per week (project charter) | B6: 10
A8: Person | B8: Role | C8: Sprint 0 | D8: Sprint 1 | E8: Sprint 2 | F8: Sprint 3 | G8: Total
A9: Brandon Lau | B9: Database / DevOps | C9: =SUMIFS(WBS!$D$4:$D$49,WBS!$E$4:$E$49,$A9)+SUMIFS(WBS!$D$4:$D$49,WBS!$E$4:$E$49,"All team")/$B$5 -> 24 | D9: =SUMIFS(WBS!$D$51:$D$131,WBS!$E$51:$E$131,$A9)+SUMIFS(WBS!$D$51:$D$131,WBS!$E$51:$E$131,"All team")/$B$5 -> 26 | E9: =SUMIFS(WBS!$D$133:$D$190,WBS!$E$133:$E$190,$A9)+SUMIFS(WBS!$D$133:$D$190,WBS!$E$133:$E$190,"All team")/$B$5 -> 21 | F9: =SUMIFS(WBS!$D$192:$D$241,WBS!$E$192:$E$241,$A9)+SUMIFS(WBS!$D$192:$D$241,WBS!$E$192:$E$241,"All team")/$B$5 -> 31 | G9: =SUM(C9:F9) -> 102
A10: Jennifer Sun | B10: Frontend | C10: =SUMIFS(WBS!$D$4:$D$49,WBS!$E$4:$E$49,$A10)+SUMIFS(WBS!$D$4:$D$49,WBS!$E$4:$E$49,"All team")/$B$5 -> 27 | D10: =SUMIFS(WBS!$D$51:$D$131,WBS!$E$51:$E$131,$A10)+SUMIFS(WBS!$D$51:$D$131,WBS!$E$51:$E$131,"All team")/$B$5 -> 29 | E10: =SUMIFS(WBS!$D$133:$D$190,WBS!$E$133:$E$190,$A10)+SUMIFS(WBS!$D$133:$D$190,WBS!$E$133:$E$190,"All team")/$B$5 -> 20 | F10: =SUMIFS(WBS!$D$192:$D$241,WBS!$E$192:$E$241,$A10)+SUMIFS(WBS!$D$192:$D$241,WBS!$E$192:$E$241,"All team")/$B$5 -> 26 | G10: =SUM(C10:F10) -> 102
A11: Molly Tran | B11: Backend / Data Import | C11: =SUMIFS(WBS!$D$4:$D$49,WBS!$E$4:$E$49,$A11)+SUMIFS(WBS!$D$4:$D$49,WBS!$E$4:$E$49,"All team")/$B$5 -> 32 | D11: =SUMIFS(WBS!$D$51:$D$131,WBS!$E$51:$E$131,$A11)+SUMIFS(WBS!$D$51:$D$131,WBS!$E$51:$E$131,"All team")/$B$5 -> 29 | E11: =SUMIFS(WBS!$D$133:$D$190,WBS!$E$133:$E$190,$A11)+SUMIFS(WBS!$D$133:$D$190,WBS!$E$133:$E$190,"All team")/$B$5 -> 16 | F11: =SUMIFS(WBS!$D$192:$D$241,WBS!$E$192:$E$241,$A11)+SUMIFS(WBS!$D$192:$D$241,WBS!$E$192:$E$241,"All team")/$B$5 -> 26 | G11: =SUM(C11:F11) -> 103
A12: Zhenyu Song | B12: AI / Chatbot | C12: =SUMIFS(WBS!$D$4:$D$49,WBS!$E$4:$E$49,$A12)+SUMIFS(WBS!$D$4:$D$49,WBS!$E$4:$E$49,"All team")/$B$5 -> 26 | D12: =SUMIFS(WBS!$D$51:$D$131,WBS!$E$51:$E$131,$A12)+SUMIFS(WBS!$D$51:$D$131,WBS!$E$51:$E$131,"All team")/$B$5 -> 36 | E12: =SUMIFS(WBS!$D$133:$D$190,WBS!$E$133:$E$190,$A12)+SUMIFS(WBS!$D$133:$D$190,WBS!$E$133:$E$190,"All team")/$B$5 -> 18 | F12: =SUMIFS(WBS!$D$192:$D$241,WBS!$E$192:$E$241,$A12)+SUMIFS(WBS!$D$192:$D$241,WBS!$E$192:$E$241,"All team")/$B$5 -> 23 | G12: =SUM(C12:F12) -> 103
A13: Total | C13: =SUM(C9:C12) -> 109 | D13: =SUM(D9:D12) -> 120 | E13: =SUM(E9:E12) -> 75 | F13: =SUM(F9:F12) -> 106 | G13: =SUM(G9:G12) -> 410
A14: Check: sum of the WBS task rows | C14: =SUMIFS(WBS!$D$4:$D$49,WBS!$E$4:$E$49,"<>") -> 109 | D14: =SUMIFS(WBS!$D$51:$D$131,WBS!$E$51:$E$131,"<>") -> 120 | E14: =SUMIFS(WBS!$D$133:$D$190,WBS!$E$133:$E$190,"<>") -> 75 | F14: =SUMIFS(WBS!$D$192:$D$241,WBS!$E$192:$E$241,"<>") -> 106 | G14: =SUM(C14:F14) -> 410
A15: Weeks in the sprint | C15: 3.5 | D15: 2 | E15: 2 | F15: 2.5 | G15: =SUM(C15:F15) -> 10
A16: Capacity (weeks × members × hours per week) | C16: =C15*$B$5*$B$6 -> 140 | D16: =D15*$B$5*$B$6 -> 80 | E16: =E15*$B$5*$B$6 -> 80 | F16: =F15*$B$5*$B$6 -> 100 | G16: =G15*$B$5*$B$6 -> 400
A17: Load (planned ÷ capacity) | C17: =IF(C16=0,0,C13/C16) -> 0.77857143 | D17: =IF(D16=0,0,D13/D16) -> 1.5 | E17: =IF(E16=0,0,E13/E16) -> 0.9375 | F17: =IF(F16=0,0,F13/F16) -> 1.06 | G17: =IF(G16=0,0,G13/G16) -> 1.025
A19: Notes
A20: Estimated Time is in person-hours of human work: planning, specifying, reviewing AI-generated code, testing and writing.
A21: Sprint 1 is over capacity on purpose: the MVP the charter planned for weeks 5–9 was built in Sprint 1 with AI-assisted development.
A22: Sprints 2 and 3 use the time this freed for the backlog (docs/backlog.md) and the handoff items (docs/handoff.md).
A23: The post-capstone backlog at the end of the WBS sheet is not counted here.
A24: From Sprint 2 on, the WBS gets an Actual Time column filled from the team's time log.
